session,condition,list_length,list_index,trial,study_list,recalled_list,relative_correct,initial_word_correct,final_word_correct,forgetting_rate
0,spin,7,0,0,"pronunciability,etal,emotionality,et,Streeter,bigram,Kucera","apple,elephant,dog,fish,grape,cherry",0,0,0,
0,spin,7,0,1,"etal,emotionality,et,Streeter,bigram,Kucera,pronunciability","banana,apple,elephant,dog,fish,grape,cherry",0,0,0,1.0
0,spin,7,0,2,"emotionality,et,Streeter,bigram,Kucera,pronunciability,etal","dog,fish,apple,elephant",0,0,0,1.0
0,spin,7,0,3,"et,Streeter,bigram,Kucera,pronunciability,etal,emotionality","jungle,apple,penguin,house,queen,dog,banana",0,0,0,1.0
0,spin,7,0,4,"Streeter,bigram,Kucera,pronunciability,etal,emotionality,et","banana,lion,grape,apple,island,cherry,dog",0,0,0,1.0
0,spin,7,0,5,"bigram,Kucera,pronunciability,etal,emotionality,et,Streeter","jungle,elephant,grape,kangaroo,fish,dog,apple",0,0,0,0.8571428571428572
0,spin,7,0,6,"Kucera,pronunciability,etal,emotionality,et,Streeter,bigram","river,dog,notebook,apple",0,0,0,1.0
0,spin,7,1,0,"DOI,bigram,Battig,etal,pronunciability,Thorndike,asymptote","lion,notebook,cherry,jungle,kangaroo,river,dog",0,0,0,
0,spin,7,1,1,"bigram,Battig,etal,pronunciability,Thorndike,asymptote,DOI","elephant,grape,fish,banana,jungle,dog,island",0,0,0,1.0
0,spin,7,1,2,"Battig,etal,pronunciability,Thorndike,asymptote,DOI,bigram","banana,dog,elephant,cherry,grape",0,0,0,1.0
0,spin,7,1,3,"etal,pronunciability,Thorndike,asymptote,DOI,bigram,Battig","apple,river,cherry,house,island,mountain,grape",0,0,0,1.0
0,spin,7,1,4,"pronunciability,Thorndike,asymptote,DOI,bigram,Battig,etal","elephant,dog,banana,grape,cherry",0,0,0,1.0
0,spin,7,1,5,"Thorndike,asymptote,DOI,bigram,Battig,etal,pronunciability","penguin,river,apple,sunflower,cherry,island,banana",0,0,0,0.8
0,spin,7,1,6,"asymptote,DOI,bigram,Battig,etal,pronunciability,Thorndike","elephant,fish,grape,apple",0,0,0,1.0
0,spin,7,2,0,"Kucera,Battig,et,Joelson,preprint,yorku,al","grape,dog,fish,kangaroo,cherry,island,apple",0,0,0,
0,spin,7,2,1,"Battig,et,Joelson,preprint,yorku,al,Kucera","cherry,elephant,banana,apple",0,0,0,1.0
0,spin,7,2,2,"et,Joelson,preprint,yorku,al,Kucera,Battig","grape,house,banana,kangaroo,cherry,fish,lion",0,0,0,0.75
0,spin,7,2,3,"Joelson,preprint,yorku,al,Kucera,Battig,et","elephant,river,lion",0,0,0,1.0
0,spin,7,2,4,"preprint,yorku,al,Kucera,Battig,et,Joelson","penguin,banana,kangaroo",0,0,0,1.0
0,spin,7,2,5,"yorku,al,Kucera,Battig,et,Joelson,preprint","grape,elephant,fish,cherry,apple",0,0,0,1.0
0,spin,7,2,6,"al,Kucera,Battig,et,Joelson,preprint,yorku","fish,grape,dog,cherry",0,0,0,0.8
0,spin,13,0,0,"Lorge,emotionality,Madigan,pronunciability,DOI,al,Intersample,Paivio,Battig,Tarka,Yuille,etal,bigram","kangaroo,lion,fish,banana,house,mountain,dog,apple",0,0,0,
0,spin,13,0,1,"emotionality,Madigan,pronunciability,DOI,al,Intersample,Paivio,Battig,Tarka,Yuille,etal,bigram,Lorge","dog,grape,jungle,island,house,lion,banana",0,0,0,0.875
0,spin,13,0,2,"Madigan,pronunciability,DOI,al,Intersample,Paivio,Battig,Tarka,Yuille,etal,bigram,Lorge,emotionality","fish,grape,elephant",0,0,0,0.8571428571428572
0,spin,13,0,3,"pronunciability,DOI,al,Intersample,Paivio,Battig,Tarka,Yuille,etal,bigram,Lorge,emotionality,Madigan","sunflower,banana,penguin,mountain,apple,queen,fish,dog,cherry,house,lion,notebook,octopus",0,0,0,1.0
0,spin,13,0,4,"DOI,al,Intersample,Paivio,Battig,Tarka,Yuille,etal,bigram,Lorge,emotionality,Madigan,pronunciability","kangaroo,mountain,penguin,island,jungle,house,dog,lion,cherry,river,queen,banana,apple",0,0,0,0.8461538461538461
0,spin,13,0,5,"al,Intersample,Paivio,Battig,Tarka,Yuille,etal,bigram,Lorge,emotionality,Madigan,pronunciability,DOI","dog,cherry,fish,apple,elephant,grape,banana",0,0,0,1.0
0,spin,13,0,6,"Intersample,Paivio,Battig,Tarka,Yuille,etal,bigram,Lorge,emotionality,Madigan,pronunciability,DOI,al","apple,elephant,grape,dog,fish,cherry",0,0,0,1.0
0,spin,13,0,7,"Paivio,Battig,Tarka,Yuille,etal,bigram,Lorge,emotionality,Madigan,pronunciability,DOI,al,Intersample","banana,grape,cherry,fish,dog,kangaroo,elephant,house,queen,penguin,sunflower,mountain,river",0,0,0,1.0
0,spin,13,0,8,"Battig,Tarka,Yuille,etal,bigram,Lorge,emotionality,Madigan,pronunciability,DOI,al,Intersample,Paivio","banana,apple,elephant",0,0,0,0.9230769230769231
0,spin,13,0,9,"Tarka,Yuille,etal,bigram,Lorge,emotionality,Madigan,pronunciability,DOI,al,Intersample,Paivio,Battig","apple,kangaroo,island",0,0,0,1.0
0,spin,13,0,10,"Yuille,etal,bigram,Lorge,emotionality,Madigan,pronunciability,DOI,al,Intersample,Paivio,Battig,Tarka","island,grape,cherry,lion,apple,house,dog,mountain,fish",0,0,0,1.0
0,spin,13,0,11,"etal,bigram,Lorge,emotionality,Madigan,pronunciability,DOI,al,Intersample,Paivio,Battig,Tarka,Yuille","banana,fish,dog,grape,elephant,apple",0,0,0,1.0
0,spin,13,0,12,"bigram,Lorge,emotionality,Madigan,pronunciability,DOI,al,Intersample,Paivio,Battig,Tarka,Yuille,etal","kangaroo,lion,island,apple,river,mountain,queen,sunflower,octopus,cherry,dog,house,grape",0,0,0,1.0
0,spin,13,1,0,"al,yorku,Madigan,Landauer,Bickley,Paivio,Kucera,Thorndike,et,preprint,Streeter,pronunciability,pickList","kangaroo,fish,island,cherry,penguin,sunflower,banana,jungle",0,0,0,
0,spin,13,1,1,"yorku,Madigan,Landauer,Bickley,Paivio,Kucera,Thorndike,et,preprint,Streeter,pronunciability,pickList,al","elephant,apple,lion,queen,kangaroo,fish,dog,grape,mountain,island,jungle,octopus,sunflower",0,0,0,1.0
0,spin,13,1,2,"Madigan,Landauer,Bickley,Paivio,Kucera,Thorndike,et,preprint,Streeter,pronunciability,pickList,al,yorku","lion,cherry,grape,banana,mountain,house",0,0,0,1.0
0,spin,13,1,3,"Landauer,Bickley,Paivio,Kucera,Thorndike,et,preprint,Streeter,pronunciability,pickList,al,yorku,Madigan","fish,elephant,dog",0,0,0,1.0
0,spin,13,1,4,"Bickley,Paivio,Kucera,Thorndike,et,preprint,Streeter,pronunciability,pickList,al,yorku,Madigan,Landauer","house,elephant,jungle,penguin,island,cherry,lion,queen,mountain,apple,banana,grape,octopus",0,0,0,0.6666666666666667
0,spin,13,1,5,"Paivio,Kucera,Thorndike,et,preprint,Streeter,pronunciability,pickList,al,yorku,Madigan,Landauer,Bickley","dog,fish,elephant,apple,banana,grape",0,0,0,1.0
0,spin,13,1,6,"Kucera,Thorndike,et,preprint,Streeter,pronunciability,pickList,al,yorku,Madigan,Landauer,Bickley,Paivio","elephant,lion,mountain,banana,house,jungle",0,0,0,1.0
0,spin,13,1,7,"Thorndike,et,preprint,Streeter,pronunciability,pickList,al,yorku,Madigan,Landauer,Bickley,Paivio,Kucera","house,elephant,mountain,cherry,island",0,0,0,0.8333333333333334
0,spin,13,1,8,"et,preprint,Streeter,pronunciability,pickList,al,yorku,Madigan,Landauer,Bickley,Paivio,Kucera,Thorndike","octopus,sunflower,elephant,cherry,grape,house",0,0,0,0.8
0,spin,13,1,9,"preprint,Streeter,pronunciability,pickList,al,yorku,Madigan,Landauer,Bickley,Paivio,Kucera,Thorndike,et","elephant,grape,mountain,banana,jungle,fish",0,0,0,1.0
0,spin,13,1,10,"Streeter,pronunciability,pickList,al,yorku,Madigan,Landauer,Bickley,Paivio,Kucera,Thorndike,et,preprint","fish,banana,house,apple,island,lion,queen,notebook,jungle,octopus,sunflower,penguin,grape",0,0,0,1.0
0,spin,13,1,11,"pronunciability,pickList,al,yorku,Madigan,Landauer,Bickley,Paivio,Kucera,Thorndike,et,preprint,Streeter","notebook,house,dog,mountain,sunflower,kangaroo,jungle,queen,banana,river,elephant,octopus,cherry",0,0,0,1.0
0,spin,13,1,12,"pickList,al,yorku,Madigan,Landauer,Bickley,Paivio,Kucera,Thorndike,et,preprint,Streeter,pronunciability","island,grape,fish,mountain,house,kangaroo",0,0,0,0.8461538461538461
0,spin,13,2,0,"bigram,Kucera,Joelson,et,DOI,Bickley,Tarka,Lorge,Streeter,emotionality,asymptote,Landauer,etal","dog,queen,banana,lion,jungle,island",0,0,0,
0,spin,13,2,1,"Kucera,Joelson,et,DOI,Bickley,Tarka,Lorge,Streeter,emotionality,asymptote,Landauer,etal,bigram","apple,kangaroo,banana,dog,island,grape",0,0,0,0.8333333333333334
0,spin,13,2,2,"Joelson,et,DOI,Bickley,Tarka,Lorge,Streeter,emotionality,asymptote,Landauer,etal,bigram,Kucera","dog,elephant,grape",0,0,0,1.0
0,spin,13,2,3,"et,DOI,Bickley,Tarka,Lorge,Streeter,emotionality,asymptote,Landauer,etal,bigram,Kucera,Joelson","island,jungle,lion,banana,fish,cherry,elephant,kangaroo",0,0,0,1.0
0,spin,13,2,4,"DOI,Bickley,Tarka,Lorge,Streeter,emotionality,asymptote,Landauer,etal,bigram,Kucera,Joelson,et","island,grape,banana,fish,house,apple,jungle,lion,kangaroo,cherry,mountain",0,0,0,0.875
0,spin,13,2,5,"Bickley,Tarka,Lorge,Streeter,emotionality,asymptote,Landauer,etal,bigram,Kucera,Joelson,et,DOI","grape,fish,cherry",0,0,0,1.0
0,spin,13,2,6,"Tarka,Lorge,Streeter,emotionality,asymptote,Landauer,etal,bigram,Kucera,Joelson,et,DOI,Bickley","dog,banana,house,kangaroo,grape,lion,apple,fish,mountain",0,0,0,1.0
0,spin,13,2,7,"Lorge,Streeter,emotionality,asymptote,Landauer,etal,bigram,Kucera,Joelson,et,DOI,Bickley,Tarka","cherry,island,grape,jungle,apple,dog,mountain,house,banana,elephant,fish,kangaroo,lion",0,0,0,1.0
0,spin,13,2,8,"Streeter,emotionality,asymptote,Landauer,etal,bigram,Kucera,Joelson,et,DOI,Bickley,Tarka,Lorge","house,apple,sunflower,queen,river,grape,mountain,fish,island,octopus,penguin,lion,notebook",0,0,0,0.9230769230769231
0,spin,13,2,9,"emotionality,asymptote,Landauer,etal,bigram,Kucera,Joelson,et,DOI,Bickley,Tarka,Lorge,Streeter","cherry,fish,dog,elephant,grape,apple,banana",0,0,0,1.0
0,spin,13,2,10,"asymptote,Landauer,etal,bigram,Kucera,Joelson,et,DOI,Bickley,Tarka,Lorge,Streeter,emotionality","notebook,elephant,penguin,island,river,banana,house",0,0,0,1.0
0,spin,13,2,11,"Landauer,etal,bigram,Kucera,Joelson,et,DOI,Bickley,Tarka,Lorge,Streeter,emotionality,asymptote","house,dog,kangaroo,elephant,jungle,grape,apple,mountain,cherry,lion,island",0,0,0,1.0
0,spin,13,2,12,"etal,bigram,Kucera,Joelson,et,DOI,Bickley,Tarka,Lorge,Streeter,emotionality,asymptote,Landauer","kangaroo,island,apple,jungle,cherry,fish,lion,house,dog,banana,grape,elephant",0,0,0,1.0
0,spin,19,0,0,"Yuille,Thorndike,Bickley,al,Lorge,Madigan,emotionality,yorku,pronunciability,Battig,Tarka,Kucera,etal,pickList,Hermann,preprint,asymptote,DOI,bigram","house,grape,apple,notebook,jungle,octopus",0,0,0,
0,spin,19,0,1,"Thorndike,Bickley,al,Lorge,Madigan,emotionality,yorku,pronunciability,Battig,Tarka,Kucera,etal,pickList,Hermann,preprint,asymptote,DOI,bigram,Yuille","mountain,island,grape,cherry,banana,elephant",0,0,0,1.0
0,spin,19,0,2,"Bickley,al,Lorge,Madigan,emotionality,yorku,pronunciability,Battig,Tarka,Kucera,etal,pickList,Hermann,preprint,asymptote,DOI,bigram,Yuille,Thorndike","fish,jungle,cherry",0,0,0,1.0
0,spin,19,0,3,"al,Lorge,Madigan,emotionality,yorku,pronunciability,Battig,Tarka,Kucera,etal,pickList,Hermann,preprint,asymptote,DOI,bigram,Yuille,Thorndike,Bickley","apple,fish,dog,banana,elephant,cherry,grape",0,0,0,1.0
0,spin,19,0,4,"Lorge,Madigan,emotionality,yorku,pronunciability,Battig,Tarka,Kucera,etal,pickList,Hermann,preprint,asymptote,DOI,bigram,Yuille,Thorndike,Bickley,al","river,queen,penguin,mountain,dog,banana,octopus,kangaroo,sunflower,fish,lion,notebook,house,cherry,apple",0,0,0,1.0
0,spin,19,0,5,"Madigan,emotionality,yorku,pronunciability,Battig,Tarka,Kucera,etal,pickList,Hermann,preprint,asymptote,DOI,bigram,Yuille,Thorndike,Bickley,al,Lorge","banana,elephant,cherry,dog,grape",0,0,0,1.0
0,spin,19,0,6,"emotionality,yorku,pronunciability,Battig,Tarka,Kucera,etal,pickList,Hermann,preprint,asymptote,DOI,bigram,Yuille,Thorndike,Bickley,al,Lorge,Madigan","elephant,cherry,grape,banana",0,0,0,1.0
0,spin,19,0,7,"yorku,pronunciability,Battig,Tarka,Kucera,etal,pickList,Hermann,preprint,asymptote,DOI,bigram,Yuille,Thorndike,Bickley,al,Lorge,Madigan,emotionality","banana,lion,penguin,octopus",0,0,0,1.0
0,spin,19,0,8,"pronunciability,Battig,Tarka,Kucera,etal,pickList,Hermann,preprint,asymptote,DOI,bigram,Yuille,Thorndike,Bickley,al,Lorge,Madigan,emotionality,yorku","cherry,banana,apple,dog,fish,elephant,grape",0,0,0,1.0
0,spin,19,0,9,"Battig,Tarka,Kucera,etal,pickList,Hermann,preprint,asymptote,DOI,bigram,Yuille,Thorndike,Bickley,al,Lorge,Madigan,emotionality,yorku,pronunciability","mountain,kangaroo,dog,apple,fish,elephant,lion,cherry,jungle,island",0,0,0,0.7142857142857143
0,spin,19,0,10,"Tarka,Kucera,etal,pickList,Hermann,preprint,asymptote,DOI,bigram,Yuille,Thorndike,Bickley,al,Lorge,Madigan,emotionality,yorku,pronunciability,Battig","house,notebook,banana,island,kangaroo,sunflower,grape,elephant,lion,apple,penguin,river",0,0,0,1.0
0,spin,19,0,11,"Kucera,etal,pickList,Hermann,preprint,asymptote,DOI,bigram,Yuille,Thorndike,Bickley,al,Lorge,Madigan,emotionality,yorku,pronunciability,Battig,Tarka","house,queen,river,mountain,lion,island,elephant,penguin",0,0,0,0.9166666666666666
0,spin,19,0,12,"etal,pickList,Hermann,preprint,asymptote,DOI,bigram,Yuille,Thorndike,Bickley,al,Lorge,Madigan,emotionality,yorku,pronunciability,Battig,Tarka,Kucera","octopus,grape,notebook,fish,mountain,island,jungle,house,dog,sunflower,apple,penguin,river,queen,kangaroo,lion,banana,cherry",0,0,0,0.875
0,spin,19,0,13,"pickList,Hermann,preprint,asymptote,DOI,bigram,Yuille,Thorndike,Bickley,al,Lorge,Madigan,emotionality,yorku,pronunciability,Battig,Tarka,Kucera,etal","banana,mountain,grape,jungle,dog,apple",0,0,0,1.0
0,spin,19,0,14,"Hermann,preprint,asymptote,DOI,bigram,Yuille,Thorndike,Bickley,al,Lorge,Madigan,emotionality,yorku,pronunciability,Battig,Tarka,Kucera,etal,pickList","dog,cherry,grape,apple",0,0,0,0.8333333333333334
0,spin,19,0,15,"preprint,asymptote,DOI,bigram,Yuille,Thorndike,Bickley,al,Lorge,Madigan,emotionality,yorku,pronunciability,Battig,Tarka,Kucera,etal,pickList,Hermann","apple,octopus,sunflower,notebook,cherry,queen,fish,dog,banana,river,island,penguin,grape,lion",0,0,0,1.0
0,spin,19,1,0,"emotionality,pronunciability,Thorndike,asymptote,Tarka,preprint,Paivio,bigram,Joelson,pickList,etal,Battig,DOI,et,Kucera,Intersample,Streeter,al,yorku","cherry,dog,fish,banana,mountain,kangaroo,elephant,lion,apple,grape,house",0,0,0,
0,spin,19,1,1,"pronunciability,Thorndike,asymptote,Tarka,preprint,Paivio,bigram,Joelson,pickList,etal,Battig,DOI,et,Kucera,Intersample,Streeter,al,yorku,emotionality","apple,dog,jungle,banana,island,kangaroo,grape,mountain,fish,lion,cherry",0,0,0,0.7272727272727273
0,spin,19,1,2,"Thorndike,asymptote,Tarka,preprint,Paivio,bigram,Joelson,pickList,etal,Battig,DOI,et,Kucera,Intersample,Streeter,al,yorku,emotionality,pronunciability","jungle,fish,apple,mountain",0,0,0,1.0
0,spin,19,1,3,"asymptote,Tarka,preprint,Paivio,bigram,Joelson,pickList,etal,Battig,DOI,et,Kucera,Intersample,Streeter,al,yorku,emotionality,pronunciability,Thorndike","penguin,house,dog",0,0,0,1.0
0,spin,19,1,4,"Tarka,preprint,Paivio,bigram,Joelson,pickList,etal,Battig,DOI,et,Kucera,Intersample,Streeter,al,yorku,emotionality,pronunciability,Thorndike,asymptote","elephant,fish,dog,grape,banana,cherry,apple",0,0,0,0.6666666666666667
0,spin,19,1,5,"preprint,Paivio,bigram,Joelson,pickList,etal,Battig,DOI,et,Kucera,Intersample,Streeter,al,yorku,emotionality,pronunciability,Thorndike,asymptote,Tarka","island,elephant,house,notebook",0,0,0,1.0
0,spin,19,1,6,"Paivio,bigram,Joelson,pickList,etal,Battig,DOI,et,Kucera,Intersample,Streeter,al,yorku,emotionality,pronunciability,Thorndike,asymptote,Tarka,preprint","mountain,dog,jungle,elephant,grape",0,0,0,1.0
0,spin,19,1,7,"bigram,Joelson,pickList,etal,Battig,DOI,et,Kucera,Intersample,Streeter,al,yorku,emotionality,pronunciability,Thorndike,asymptote,Tarka,preprint,Paivio","apple,fish,cherry,grape",0,0,0,1.0
0,spin,19,1,8,"Joelson,pickList,etal,Battig,DOI,et,Kucera,Intersample,Streeter,al,yorku,emotionality,pronunciability,Thorndike,asymptote,Tarka,preprint,Paivio,bigram","jungle,lion,island,cherry,fish,kangaroo,banana,house,mountain",0,0,0,1.0
0,spin,19,1,9,"pickList,etal,Battig,DOI,et,Kucera,Intersample,Streeter,al,yorku,emotionality,pronunciability,Thorndike,asymptote,Tarka,preprint,Paivio,bigram,Joelson","jungle,grape,island,house,fish,cherry,apple,kangaroo,mountain,lion,dog",0,0,0,0.5555555555555556
0,spin,19,1,10,"etal,Battig,DOI,et,Kucera,Intersample,Streeter,al,yorku,emotionality,pronunciability,Thorndike,asymptote,Tarka,preprint,Paivio,bigram,Joelson,pickList","grape,lion,house,apple,river,kangaroo,island,fish,mountain,octopus,penguin,banana,sunflower,notebook,cherry",0,0,0,0.9090909090909091
0,spin,19,1,11,"Battig,DOI,et,Kucera,Intersample,Streeter,al,yorku,emotionality,pronunciability,Thorndike,asymptote,Tarka,preprint,Paivio,bigram,Joelson,pickList,etal","island,apple,grape,jungle,cherry,elephant,lion,fish,kangaroo,mountain",0,0,0,0.9333333333333333
0,spin,19,1,12,"DOI,et,Kucera,Intersample,Streeter,al,yorku,emotionality,pronunciability,Thorndike,asymptote,Tarka,preprint,Paivio,bigram,Joelson,pickList,etal,Battig","dog,fish,apple,elephant,cherry,grape",0,0,0,0.9
0,spin,19,1,13,"et,Kucera,Intersample,Streeter,al,yorku,emotionality,pronunciability,Thorndike,asymptote,Tarka,preprint,Paivio,bigram,Joelson,pickList,etal,Battig,DOI","mountain,river,grape,apple,elephant,jungle,dog,banana,kangaroo,cherry,island,notebook,octopus,queen,house,penguin,sunflower,fish",0,0,0,1.0
0,spin,19,1,14,"Kucera,Intersample,Streeter,al,yorku,emotionality,pronunciability,Thorndike,asymptote,Tarka,preprint,Paivio,bigram,Joelson,pickList,etal,Battig,DOI,et","banana,apple,sunflower,octopus,notebook",0,0,0,1.0
0,spin,19,1,15,"Intersample,Streeter,al,yorku,emotionality,pronunciability,Thorndike,asymptote,Tarka,preprint,Paivio,bigram,Joelson,pickList,etal,Battig,DOI,et,Kucera","queen,penguin,jungle,mountain,island,cherry,grape,kangaroo,apple,fish,sunflower",0,0,0,1.0
0,spin,19,2,0,"bigram,Battig,Thorndike,Streeter,preprint,yorku,Lorge,pronunciability,pickList,Tarka,Paivio,Joelson,etal,Kucera,Hermann,Landauer,et,Madigan,emotionality","penguin,notebook,mountain,fish,cherry,island,lion,sunflower,elephant,house,octopus,apple,jungle,kangaroo,river,queen",0,0,0,
0,spin,19,2,1,"Battig,Thorndike,Streeter,preprint,yorku,Lorge,pronunciability,pickList,Tarka,Paivio,Joelson,etal,Kucera,Hermann,Landauer,et,Madigan,emotionality,bigram","fish,banana,elephant,grape,apple,cherry",0,0,0,1.0
0,spin,19,2,2,"Thorndike,Streeter,preprint,yorku,Lorge,pronunciability,pickList,Tarka,Paivio,Joelson,etal,Kucera,Hermann,Landauer,et,Madigan,emotionality,bigram,Battig","elephant,island,mountain,fish,kangaroo,cherry,apple",0,0,0,0.8333333333333334
0,spin,19,2,3,"Streeter,preprint,yorku,Lorge,pronunciability,pickList,Tarka,Paivio,Joelson,etal,Kucera,Hermann,Landauer,et,Madigan,emotionality,bigram,Battig,Thorndike","banana,penguin,notebook,elephant,sunflower,lion,octopus,queen,cherry,house",0,0,0,1.0
0,spin,19,2,4,"preprint,yorku,Lorge,pronunciability,pickList,Tarka,Paivio,Joelson,etal,Kucera,Hermann,Landauer,et,Madigan,emotionality,bigram,Battig,Thorndike,Streeter","fish,cherry,elephant,kangaroo,mountain",0,0,0,1.0
0,spin,19,2,5,"yorku,Lorge,pronunciability,pickList,Tarka,Paivio,Joelson,etal,Kucera,Hermann,Landauer,et,Madigan,emotionality,bigram,Battig,Thorndike,Streeter,preprint","fish,banana,kangaroo,jungle,cherry,lion,grape,elephant,mountain,island",0,0,0,0.8
0,spin,19,2,6,"Lorge,pronunciability,pickList,Tarka,Paivio,Joelson,etal,Kucera,Hermann,Landauer,et,Madigan,emotionality,bigram,Battig,Thorndike,Streeter,preprint,yorku","grape,cherry,fish,elephant",0,0,0,1.0
0,spin,19,2,7,"pronunciability,pickList,Tarka,Paivio,Joelson,etal,Kucera,Hermann,Landauer,et,Madigan,emotionality,bigram,Battig,Thorndike,Streeter,preprint,yorku,Lorge","elephant,apple,cherry",0,0,0,1.0
0,spin,19,2,8,"pickList,Tarka,Paivio,Joelson,etal,Kucera,Hermann,Landauer,et,Madigan,emotionality,bigram,Battig,Thorndike,Streeter,preprint,yorku,Lorge,pronunciability","fish,banana,lion,house,dog,apple,mountain,island,cherry,grape",0,0,0,1.0
0,spin,19,2,9,"Tarka,Paivio,Joelson,etal,Kucera,Hermann,Landauer,et,Madigan,emotionality,bigram,Battig,Thorndike,Streeter,preprint,yorku,Lorge,pronunciability,pickList","apple,jungle,grape,elephant,dog,house",0,0,0,0.9
0,spin,19,2,10,"Paivio,Joelson,etal,Kucera,Hermann,Landauer,et,Madigan,emotionality,bigram,Battig,Thorndike,Streeter,preprint,yorku,Lorge,pronunciability,pickList,Tarka","banana,apple,grape,dog,fish,cherry",0,0,0,0.8333333333333334
0,spin,19,2,11,"Joelson,etal,Kucera,Hermann,Landauer,et,Madigan,emotionality,bigram,Battig,Thorndike,Streeter,preprint,yorku,Lorge,pronunciability,pickList,Tarka,Paivio","banana,kangaroo,notebook,fish,lion,island",0,0,0,0.8333333333333334
0,spin,19,2,12,"etal,Kucera,Hermann,Landauer,et,Madigan,emotionality,bigram,Battig,Thorndike,Streeter,preprint,yorku,Lorge,pronunciability,pickList,Tarka,Paivio,Joelson","dog,apple,octopus,notebook,river,banana,grape,island,cherry,kangaroo,mountain,house",0,0,0,1.0
0,spin,19,2,13,"Kucera,Hermann,Landauer,et,Madigan,emotionality,bigram,Battig,Thorndike,Streeter,preprint,yorku,Lorge,pronunciability,pickList,Tarka,Paivio,Joelson,etal","banana,octopus,lion,sunflower,cherry,house,mountain,elephant,jungle,penguin",0,0,0,1.0
0,spin,19,2,14,"Hermann,Landauer,et,Madigan,emotionality,bigram,Battig,Thorndike,Streeter,preprint,yorku,Lorge,pronunciability,pickList,Tarka,Paivio,Joelson,etal,Kucera","island,fish,penguin,queen,cherry,jungle,banana,sunflower,river,house,notebook,lion",0,0,0,0.9
0,spin,19,2,15,"Landauer,et,Madigan,emotionality,bigram,Battig,Thorndike,Streeter,preprint,yorku,Lorge,pronunciability,pickList,Tarka,Paivio,Joelson,etal,Kucera,Hermann","grape,jungle,mountain,dog",0,0,0,1.0
1,spin,7,0,0,"Lorge,DOI,pickList,Tarka,asymptote,Hermann,bigram","apple,fish,octopus,lion,river",0,0,0,
1,spin,7,0,1,"DOI,pickList,Tarka,asymptote,Hermann,bigram,Lorge","mountain,octopus,cherry,apple,notebook,island,jungle",0,0,0,1.0
1,spin,7,0,2,"pickList,Tarka,asymptote,Hermann,bigram,Lorge,DOI","dog,banana,elephant",0,0,0,1.0
1,spin,7,0,3,"Tarka,asymptote,Hermann,bigram,Lorge,DOI,pickList","dog,fish,kangaroo,mountain,lion,banana,cherry",0,0,0,0.6666666666666667
1,spin,7,0,4,"asymptote,Hermann,bigram,Lorge,DOI,pickList,Tarka","island,banana,fish,elephant,apple,mountain,grape",0,0,0,1.0
1,spin,7,0,5,"Hermann,bigram,Lorge,DOI,pickList,Tarka,asymptote","grape,dog,banana",0,0,0,1.0
1,spin,7,0,6,"bigram,Lorge,DOI,pickList,Tarka,asymptote,Hermann","cherry,dog,fish,elephant,grape,banana",0,0,0,0.6666666666666667
1,spin,7,1,0,"al,emotionality,Intersample,Kucera,Landauer,Madigan,DOI","cherry,elephant,grape",0,0,0,
1,spin,7,1,1,"emotionality,Intersample,Kucera,Landauer,Madigan,DOI,al","cherry,banana,lion,grape,jungle,house,mountain",0,0,0,0.6666666666666667
1,spin,7,1,2,"Intersample,Kucera,Landauer,Madigan,DOI,al,emotionality","apple,elephant,fish,dog,grape",0,0,0,1.0
1,spin,7,1,3,"Kucera,Landauer,Madigan,DOI,al,emotionality,Intersample","dog,banana,grape",0,0,0,1.0
1,spin,7,1,4,"Landauer,Madigan,DOI,al,emotionality,Intersample,Kucera","cherry,kangaroo,fish,house,island,jungle,elephant",0,0,0,1.0
1,spin,7,1,5,"Madigan,DOI,al,emotionality,Intersample,Kucera,Landauer","island,house,dog,elephant,cherry",0,0,0,1.0
1,spin,7,1,6,"DOI,al,emotionality,Intersample,Kucera,Landauer,Madigan","cherry,notebook,grape,fish,octopus,kangaroo,elephant",0,0,0,1.0
1,spin,7,2,0,"Streeter,yorku,Yuille,Kucera,preprint,bigram,Landauer","grape,mountain,cherry,house,jungle,fish,dog",0,0,0,
1,spin,7,2,1,"yorku,Yuille,Kucera,preprint,bigram,Landauer,Streeter","house,sunflower,grape,jungle,notebook,kangaroo,lion",0,0,0,1.0
1,spin,7,2,2,"Yuille,Kucera,preprint,bigram,Landauer,Streeter,yorku","house,notebook,lion,island",0,0,0,0.8571428571428572
1,spin,7,2,3,"Kucera,preprint,bigram,Landauer,Streeter,yorku,Yuille","river,fish,notebook,house,penguin,kangaroo,apple",0,0,0,1.0
1,spin,7,2,4,"preprint,bigram,Landauer,Streeter,yorku,Yuille,Kucera","queen,fish,island,cherry,banana,house,mountain",0,0,0,0.8571428571428572
1,spin,7,2,5,"bigram,Landauer,Streeter,yorku,Yuille,Kucera,preprint","kangaroo,mountain,grape,fish,lion,cherry,apple",0,0,0,1.0
1,spin,7,2,6,"Landauer,Streeter,yorku,Yuille,Kucera,preprint,bigram","grape,banana,cherry,octopus,mountain,dog,jungle",0,0,0,1.0
1,spin,13,0,0,"Yuille,Battig,et,Hermann,bigram,yorku,etal,Bickley,preprint,Kucera,pickList,Madigan,Paivio","cherry,apple,fish,banana",0,0,0,
1,spin,13,0,1,"Battig,et,Hermann,bigram,yorku,etal,Bickley,preprint,Kucera,pickList,Madigan,Paivio,Yuille","apple,lion,island,grape,fish,banana,kangaroo,elephant,dog",0,0,0,1.0
1,spin,13,0,2,"et,Hermann,bigram,yorku,etal,Bickley,preprint,Kucera,pickList,Madigan,Paivio,Yuille,Battig","mountain,dog,banana,island,house,fish,grape,kangaroo,lion,apple,cherry,jungle,elephant",0,0,0,1.0
1,spin,13,0,3,"Hermann,bigram,yorku,etal,Bickley,preprint,Kucera,pickList,Madigan,Paivio,Yuille,Battig,et","grape,elephant,apple,dog,cherry",0,0,0,1.0
1,spin,13,0,4,"bigram,yorku,etal,Bickley,preprint,Kucera,pickList,Madigan,Paivio,Yuille,Battig,et,Hermann","lion,queen,elephant,cherry,dog,river,kangaroo,mountain,jungle",0,0,0,1.0
1,spin,13,0,5,"yorku,etal,Bickley,preprint,Kucera,pickList,Madigan,Paivio,Yuille,Battig,et,Hermann,bigram","fish,apple,grape,banana,cherry",0,0,0,1.0
1,spin,13,0,6,"etal,Bickley,preprint,Kucera,pickList,Madigan,Paivio,Yuille,Battig,et,Hermann,bigram,yorku","lion,fish,house,dog,cherry,elephant,mountain",0,0,0,0.8
1,spin,13,0,7,"Bickley,preprint,Kucera,pickList,Madigan,Paivio,Yuille,Battig,et,Hermann,bigram,yorku,etal","sunflower,lion,jungle,apple,fish,penguin,octopus,river,notebook,banana,dog,kangaroo,elephant",0,0,0,1.0
1,spin,13,0,8,"preprint,Kucera,pickList,Madigan,Paivio,Yuille,Battig,et,Hermann,bigram,yorku,etal,Bickley","octopus,penguin,apple,fish,kangaroo,elephant,cherry,queen,house,dog,grape,river,jungle",0,0,0,1.0
1,spin,13,0,9,"Kucera,pickList,Madigan,Paivio,Yuille,Battig,et,Hermann,bigram,yorku,etal,Bickley,preprint","kangaroo,grape,banana,cherry,dog,penguin,island,house,lion,notebook,mountain,apple,octopus",0,0,0,1.0
1,spin,13,0,10,"pickList,Madigan,Paivio,Yuille,Battig,et,Hermann,bigram,yorku,etal,Bickley,preprint,Kucera","banana,cherry,dog,apple,grape",0,0,0,1.0
1,spin,13,0,11,"Madigan,Paivio,Yuille,Battig,et,Hermann,bigram,yorku,etal,Bickley,preprint,Kucera,pickList","elephant,grape,dog",0,0,0,0.8
1,spin,13,0,12,"Paivio,Yuille,Battig,et,Hermann,bigram,yorku,etal,Bickley,preprint,Kucera,pickList,Madigan","island,kangaroo,fish,apple,dog,elephant",0,0,0,1.0
1,spin,13,1,0,"Madigan,yorku,Bickley,Landauer,Yuille,pronunciability,emotionality,al,DOI,Streeter,asymptote,Intersample,et","cherry,banana,dog,lion,grape,jungle,house,island",0,0,0,
1,spin,13,1,1,"yorku,Bickley,Landauer,Yuille,pronunciability,emotionality,al,DOI,Streeter,asymptote,Intersample,et,Madigan","banana,grape,elephant,dog,fish",0,0,0,1.0
1,spin,13,1,2,"Bickley,Landauer,Yuille,pronunciability,emotionality,al,DOI,Streeter,asymptote,Intersample,et,Madigan,yorku","banana,elephant,grape,cherry,apple",0,0,0,0.8
1,spin,13,1,3,"Landauer,Yuille,pronunciability,emotionality,al,DOI,Streeter,asymptote,Intersample,et,Madigan,yorku,Bickley","fish,house,kangaroo,cherry,jungle,banana,dog,elephant,lion,mountain",0,0,0,0.8
1,spin,13,1,4,"Yuille,pronunciability,emotionality,al,DOI,Streeter,asymptote,Intersample,et,Madigan,yorku,Bickley,Landauer","fish,jungle,river,banana,mountain,queen,sunflower,apple,dog,house,lion,octopus",0,0,0,0.9
1,spin,13,1,5,"pronunciability,emotionality,al,DOI,Streeter,asymptote,Intersample,et,Madigan,yorku,Bickley,Landauer,Yuille","apple,queen,grape,octopus,notebook,cherry,island,sunflower,lion,river,kangaroo,jungle,elephant",0,0,0,1.0
1,spin,13,1,6,"emotionality,al,DOI,Streeter,asymptote,Intersample,et,Madigan,yorku,Bickley,Landauer,Yuille,pronunciability","apple,elephant,house,penguin,lion,river,dog,grape,island,queen,mountain,kangaroo,sunflower",0,0,0,0.9230769230769231
1,spin,13,1,7,"al,DOI,Streeter,asymptote,Intersample,et,Madigan,yorku,Bickley,Landauer,Yuille,pronunciability,emotionality","elephant,house,grape,cherry,fish",0,0,0,1.0
1,spin,13,1,8,"DOI,Streeter,asymptote,Intersample,et,Madigan,yorku,Bickley,Landauer,Yuille,pronunciability,emotionality,al","lion,jungle,banana",0,0,0,1.0
1,spin,13,1,9,"Streeter,asymptote,Intersample,et,Madigan,yorku,Bickley,Landauer,Yuille,pronunciability,emotionality,al,DOI","lion,mountain,dog,apple,elephant,jungle,kangaroo,grape,banana",0,0,0,0.6666666666666667
1,spin,13,1,10,"asymptote,Intersample,et,Madigan,yorku,Bickley,Landauer,Yuille,pronunciability,emotionality,al,DOI,Streeter","penguin,fish,island,notebook,elephant,dog,queen,jungle,banana,cherry",0,0,0,0.7777777777777778
1,spin,13,1,11,"Intersample,et,Madigan,yorku,Bickley,Landauer,Yuille,pronunciability,emotionality,al,DOI,Streeter,asymptote","kangaroo,grape,house",0,0,0,1.0
1,spin,13,1,12,"et,Madigan,yorku,Bickley,Landauer,Yuille,pronunciability,emotionality,al,DOI,Streeter,asymptote,Intersample","jungle,notebook,octopus",0,0,0,1.0
1,spin,13,2,0,"Battig,Thorndike,Joelson,Streeter,Kucera,etal,Yuille,emotionality,asymptote,yorku,pronunciability,DOI,Lorge","elephant,notebook,house,mountain,lion,queen,sunflower,penguin,island,grape,apple,cherry,river",0,0,0,
1,spin,13,2,1,"Thorndike,Joelson,Streeter,Kucera,etal,Yuille,emotionality,asymptote,yorku,pronunciability,DOI,Lorge,Battig","apple,house,fish,kangaroo,elephant,jungle,mountain,banana,cherry,island,grape,lion",0,0,0,1.0
1,spin,13,2,2,"Joelson,Streeter,Kucera,etal,Yuille,emotionality,asymptote,yorku,pronunciability,DOI,Lorge,Battig,Thorndike","cherry,elephant,grape,fish,apple,dog",0,0,0,1.0
1,spin,13,2,3,"Streeter,Kucera,etal,Yuille,emotionality,asymptote,yorku,pronunciability,DOI,Lorge,Battig,Thorndike,Joelson","banana,lion,jungle,mountain,grape,house,dog,apple,island",0,0,0,1.0
1,spin,13,2,4,"Kucera,etal,Yuille,emotionality,asymptote,yorku,pronunciability,DOI,Lorge,Battig,Thorndike,Joelson,Streeter","apple,jungle,cherry,elephant,dog,queen,banana,notebook,sunflower,octopus",0,0,0,1.0
1,spin,13,2,5,"etal,Yuille,emotionality,asymptote,yorku,pronunciability,DOI,Lorge,Battig,Thorndike,Joelson,Streeter,Kucera","kangaroo,queen,house,penguin,elephant,river,banana,island,sunflower,jungle,octopus,apple,notebook",0,0,0,0.8
1,spin,13,2,6,"Yuille,emotionality,asymptote,yorku,pronunciability,DOI,Lorge,Battig,Thorndike,Joelson,Streeter,Kucera,etal","banana,fish,cherry,elephant,grape,lion",0,0,0,1.0
1,spin,13,2,7,"emotionality,asymptote,yorku,pronunciability,DOI,Lorge,Battig,Thorndike,Joelson,Streeter,Kucera,etal,Yuille","elephant,cherry,kangaroo,banana,jungle,mountain,dog,apple,lion,island,grape,house,fish",0,0,0,1.0
1,spin,13,2,8,"asymptote,yorku,pronunciability,DOI,Lorge,Battig,Thorndike,Joelson,Streeter,Kucera,etal,Yuille,emotionality","grape,dog,apple,cherry,elephant",0,0,0,1.0
1,spin,13,2,9,"yorku,pronunciability,DOI,Lorge,Battig,Thorndike,Joelson,Streeter,Kucera,etal,Yuille,emotionality,asymptote","sunflower,house,cherry,river,grape,penguin,octopus,apple,lion,fish",0,0,0,1.0
1,spin,13,2,10,"pronunciability,DOI,Lorge,Battig,Thorndike,Joelson,Streeter,Kucera,etal,Yuille,emotionality,asymptote,yorku","penguin,sunflower,queen,notebook,jungle,lion,elephant",0,0,0,1.0
1,spin,13,2,11,"DOI,Lorge,Battig,Thorndike,Joelson,Streeter,Kucera,etal,Yuille,emotionality,asymptote,yorku,pronunciability","banana,elephant,cherry,fish,grape,jungle,lion,kangaroo,dog,house,island,apple,mountain",0,0,0,1.0
1,spin,13,2,12,"Lorge,Battig,Thorndike,Joelson,Streeter,Kucera,etal,Yuille,emotionality,asymptote,yorku,pronunciability,DOI","dog,island,cherry,jungle,mountain,fish,banana",0,0,0,0.9230769230769231
1,spin,19,0,0,"et,bigram,Battig,Joelson,DOI,preprint,pronunciability,al,yorku,Bickley,Landauer,Madigan,etal,Tarka,emotionality,asymptote,Yuille,Intersample,Kucera","island,fish,mountain,dog,kangaroo,sunflower,river",0,0,0,
1,spin,19,0,1,"bigram,Battig,Joelson,DOI,preprint,pronunciability,al,yorku,Bickley,Landauer,Madigan,etal,Tarka,emotionality,asymptote,Yuille,Intersample,Kucera,et","elephant,cherry,fish,banana,apple",0,0,0,1.0
1,spin,19,0,2,"Battig,Joelson,DOI,preprint,pronunciability,al,yorku,Bickley,Landauer,Madigan,etal,Tarka,emotionality,asymptote,Yuille,Intersample,Kucera,et,bigram","apple,elephant,mountain,lion,jungle,sunflower,notebook,queen",0,0,0,1.0
1,spin,19,0,3,"Joelson,DOI,preprint,pronunciability,al,yorku,Bickley,Landauer,Madigan,etal,Tarka,emotionality,asymptote,Yuille,Intersample,Kucera,et,bigram,Battig","dog,banana,cherry,elephant,grape,apple,fish",0,0,0,1.0
1,spin,19,0,4,"DOI,preprint,pronunciability,al,yorku,Bickley,Landauer,Madigan,etal,Tarka,emotionality,asymptote,Yuille,Intersample,Kucera,et,bigram,Battig,Joelson","island,lion,grape,cherry,house,apple,banana,dog,elephant,kangaroo,mountain,fish",0,0,0,0.8571428571428572
1,spin,19,0,5,"preprint,pronunciability,al,yorku,Bickley,Landauer,Madigan,etal,Tarka,emotionality,asymptote,Yuille,Intersample,Kucera,et,bigram,Battig,Joelson,DOI","lion,sunflower,dog",0,0,0,1.0
1,spin,19,0,6,"pronunciability,al,yorku,Bickley,Landauer,Madigan,etal,Tarka,emotionality,asymptote,Yuille,Intersample,Kucera,et,bigram,Battig,Joelson,DOI,preprint","grape,dog,fish,apple,banana,cherry,elephant",0,0,0,1.0
1,spin,19,0,7,"al,yorku,Bickley,Landauer,Madigan,etal,Tarka,emotionality,asymptote,Yuille,Intersample,Kucera,et,bigram,Battig,Joelson,DOI,preprint,pronunciability","grape,cherry,mountain,kangaroo",0,0,0,0.8571428571428572
1,spin,19,0,8,"yorku,Bickley,Landauer,Madigan,etal,Tarka,emotionality,asymptote,Yuille,Intersample,Kucera,et,bigram,Battig,Joelson,DOI,preprint,pronunciability,al","island,lion,jungle,sunflower,octopus,banana,penguin,house,fish,mountain,notebook,apple,kangaroo,cherry,elephant,river,dog",0,0,0,1.0
1,spin,19,0,9,"Bickley,Landauer,Madigan,etal,Tarka,emotionality,asymptote,Yuille,Intersample,Kucera,et,bigram,Battig,Joelson,DOI,preprint,pronunciability,al,yorku","apple,cherry,grape,elephant,jungle,house,mountain,banana,lion,island,fish,kangaroo",0,0,0,1.0
1,spin,19,0,10,"Landauer,Madigan,etal,Tarka,emotionality,asymptote,Yuille,Intersample,Kucera,et,bigram,Battig,Joelson,DOI,preprint,pronunciability,al,yorku,Bickley","dog,lion,fish,cherry,island,elephant,apple,banana,grape,kangaroo,house",0,0,0,0.9166666666666666
1,spin,19,0,11,"Madigan,etal,Tarka,emotionality,asymptote,Yuille,Intersample,Kucera,et,bigram,Battig,Joelson,DOI,preprint,pronunciability,al,yorku,Bickley,Landauer","elephant,island,apple,lion,banana,dog,grape,fish,kangaroo,house,cherry",0,0,0,1.0
1,spin,19,0,12,"etal,Tarka,emotionality,asymptote,Yuille,Intersample,Kucera,et,bigram,Battig,Joelson,DOI,preprint,pronunciability,al,yorku,Bickley,Landauer,Madigan","jungle,cherry,house,dog,lion,grape,kangaroo,mountain",0,0,0,1.0
1,spin,19,0,13,"Tarka,emotionality,asymptote,Yuille,Intersample,Kucera,et,bigram,Battig,Joelson,DOI,preprint,pronunciability,al,yorku,Bickley,Landauer,Madigan,etal","cherry,house,island",0,0,0,1.0
1,spin,19,0,14,"emotionality,asymptote,Yuille,Intersample,Kucera,et,bigram,Battig,Joelson,DOI,preprint,pronunciability,al,yorku,Bickley,Landauer,Madigan,etal,Tarka","apple,house,lion,island,fish,kangaroo,jungle,banana,cherry,grape",0,0,0,0.6666666666666667
1,spin,19,0,15,"asymptote,Yuille,Intersample,Kucera,et,bigram,Battig,Joelson,DOI,preprint,pronunciability,al,yorku,Bickley,Landauer,Madigan,etal,Tarka,emotionality","dog,lion,elephant,kangaroo,cherry",0,0,0,1.0
1,spin,19,1,0,"Kucera,asymptote,pickList,Hermann,Joelson,DOI,al,Bickley,Streeter,Yuille,emotionality,Paivio,et,Thorndike,yorku,Madigan,Landauer,preprint,Battig","house,grape,apple,elephant,mountain,fish",0,0,0,
1,spin,19,1,1,"asymptote,pickList,Hermann,Joelson,DOI,al,Bickley,Streeter,Yuille,emotionality,Paivio,et,Thorndike,yorku,Madigan,Landauer,preprint,Battig,Kucera","cherry,dog,grape",0,0,0,1.0
1,spin,19,1,2,"pickList,Hermann,Joelson,DOI,al,Bickley,Streeter,Yuille,emotionality,Paivio,et,Thorndike,yorku,Madigan,Landauer,preprint,Battig,Kucera,asymptote","banana,mountain,fish,kangaroo,lion,dog,jungle,island",0,0,0,1.0
1,spin,19,1,3,"Hermann,Joelson,DOI,al,Bickley,Streeter,Yuille,emotionality,Paivio,et,Thorndike,yorku,Madigan,Landauer,preprint,Battig,Kucera,asymptote,pickList","grape,notebook,island,house,dog,lion,sunflower,mountain,elephant,octopus,kangaroo,queen,fish,apple,jungle,river",0,0,0,1.0
1,spin,19,1,4,"Joelson,DOI,al,Bickley,Streeter,Yuille,emotionality,Paivio,et,Thorndike,yorku,Madigan,Landauer,preprint,Battig,Kucera,asymptote,pickList,Hermann","dog,cherry,elephant,banana,grape,apple,fish",0,0,0,1.0
1,spin,19,1,5,"DOI,al,Bickley,Streeter,Yuille,emotionality,Paivio,et,Thorndike,yorku,Madigan,Landauer,preprint,Battig,Kucera,asymptote,pickList,Hermann,Joelson","cherry,lion,fish,banana,elephant,house,grape,apple,kangaroo,jungle",0,0,0,0.8571428571428572
1,spin,19,1,6,"al,Bickley,Streeter,Yuille,emotionality,Paivio,et,Thorndike,yorku,Madigan,Landauer,preprint,Battig,Kucera,asymptote,pickList,Hermann,Joelson,DOI","dog,elephant,lion,cherry,mountain",0,0,0,1.0
1,spin,19,1,7,"Bickley,Streeter,Yuille,emotionality,Paivio,et,Thorndike,yorku,Madigan,Landauer,preprint,Battig,Kucera,asymptote,pickList,Hermann,Joelson,DOI,al","island,lion,queen,house,dog",0,0,0,1.0
1,spin,19,1,8,"Streeter,Yuille,emotionality,Paivio,et,Thorndike,yorku,Madigan,Landauer,preprint,Battig,Kucera,asymptote,pickList,Hermann,Joelson,DOI,al,Bickley","grape,banana,lion,kangaroo,dog,elephant,fish,jungle",0,0,0,0.8
1,spin,19,1,9,"Yuille,emotionality,Paivio,et,Thorndike,yorku,Madigan,Landauer,preprint,Battig,Kucera,asymptote,pickList,Hermann,Joelson,DOI,al,Bickley,Streeter","queen,octopus,notebook,lion",0,0,0,1.0
1,spin,19,1,10,"emotionality,Paivio,et,Thorndike,yorku,Madigan,Landauer,preprint,Battig,Kucera,asymptote,pickList,Hermann,Joelson,DOI,al,Bickley,Streeter,Yuille","grape,apple,penguin,kangaroo,elephant,notebook,banana,mountain,house,dog",0,0,0,1.0
1,spin,19,1,11,"Paivio,et,Thorndike,yorku,Madigan,Landauer,preprint,Battig,Kucera,asymptote,pickList,Hermann,Joelson,DOI,al,Bickley,Streeter,Yuille,emotionality","apple,island,jungle,dog,mountain",0,0,0,1.0
1,spin,19,1,12,"et,Thorndike,yorku,Madigan,Landauer,preprint,Battig,Kucera,asymptote,pickList,Hermann,Joelson,DOI,al,Bickley,Streeter,Yuille,emotionality,Paivio","mountain,dog,lion,kangaroo,banana,penguin,island,house,cherry,grape,apple,fish,river,octopus,notebook",0,0,0,1.0
1,spin,19,1,13,"Thorndike,yorku,Madigan,Landauer,preprint,Battig,Kucera,asymptote,pickList,Hermann,Joelson,DOI,al,Bickley,Streeter,Yuille,emotionality,Paivio,et","elephant,fish,apple,banana",0,0,0,1.0
1,spin,19,1,14,"yorku,Madigan,Landauer,preprint,Battig,Kucera,asymptote,pickList,Hermann,Joelson,DOI,al,Bickley,Streeter,Yuille,emotionality,Paivio,et,Thorndike","elephant,cherry,fish,dog,apple,grape",0,0,0,0.75
1,spin,19,1,15,"Madigan,Landauer,preprint,Battig,Kucera,asymptote,pickList,Hermann,Joelson,DOI,al,Bickley,Streeter,Yuille,emotionality,Paivio,et,Thorndike,yorku","house,cherry,lion,dog,fish,mountain,kangaroo,grape,jungle,elephant,island,apple",0,0,0,0.6666666666666667
1,spin,19,2,0,"Madigan,asymptote,Paivio,pronunciability,Battig,et,Landauer,Intersample,al,Tarka,bigram,Hermann,pickList,preprint,Joelson,Streeter,yorku,Yuille,etal","apple,elephant,fish,banana,cherry,grape",0,0,0,
1,spin,19,2,1,"asymptote,Paivio,pronunciability,Battig,et,Landauer,Intersample,al,Tarka,bigram,Hermann,pickList,preprint,Joelson,Streeter,yorku,Yuille,etal,Madigan","banana,grape,dog",0,0,0,1.0
1,spin,19,2,2,"Paivio,pronunciability,Battig,et,Landauer,Intersample,al,Tarka,bigram,Hermann,pickList,preprint,Joelson,Streeter,yorku,Yuille,etal,Madigan,asymptote","island,apple,notebook,grape,queen,cherry,mountain,dog,elephant,banana,octopus,penguin,kangaroo",0,0,0,1.0
1,spin,19,2,3,"pronunciability,Battig,et,Landauer,Intersample,al,Tarka,bigram,Hermann,pickList,preprint,Joelson,Streeter,yorku,Yuille,etal,Madigan,asymptote,Paivio","banana,fish,dog,apple,elephant,cherry",0,0,0,0.9230769230769231
1,spin,19,2,4,"Battig,et,Landauer,Intersample,al,Tarka,bigram,Hermann,pickList,preprint,Joelson,Streeter,yorku,Yuille,etal,Madigan,asymptote,Paivio,pronunciability","apple,dog,elephant,grape,cherry,banana,fish",0,0,0,1.0
1,spin,19,2,5,"et,Landauer,Intersample,al,Tarka,bigram,Hermann,pickList,preprint,Joelson,Streeter,yorku,Yuille,etal,Madigan,asymptote,Paivio,pronunciability,Battig","fish,octopus,sunflower,penguin,cherry,lion,house,dog,island,kangaroo",0,0,0,0.8571428571428572
1,spin,19,2,6,"Landauer,Intersample,al,Tarka,bigram,Hermann,pickList,preprint,Joelson,Streeter,yorku,Yuille,etal,Madigan,asymptote,Paivio,pronunciability,Battig,et","dog,cherry,banana,apple,fish,grape,elephant",0,0,0,1.0
1,spin,19,2,7,"Intersample,al,Tarka,bigram,Hermann,pickList,preprint,Joelson,Streeter,yorku,Yuille,etal,Madigan,asymptote,Paivio,pronunciability,Battig,et,Landauer","elephant,lion,jungle,banana,cherry,mountain,kangaroo,fish,dog,apple,island,house,grape",0,0,0,1.0
1,spin,19,2,8,"al,Tarka,bigram,Hermann,pickList,preprint,Joelson,Streeter,yorku,Yuille,etal,Madigan,asymptote,Paivio,pronunciability,Battig,et,Landauer,Intersample","elephant,dog,cherry,apple,fish,banana",0,0,0,0.9230769230769231
1,spin,19,2,9,"Tarka,bigram,Hermann,pickList,preprint,Joelson,Streeter,yorku,Yuille,etal,Madigan,asymptote,Paivio,pronunciability,Battig,et,Landauer,Intersample,al","apple,banana,elephant,grape",0,0,0,1.0
1,spin,19,2,10,"bigram,Hermann,pickList,preprint,Joelson,Streeter,yorku,Yuille,etal,Madigan,asymptote,Paivio,pronunciability,Battig,et,Landauer,Intersample,al,Tarka","cherry,river,queen,grape,kangaroo,notebook,jungle,dog,island,house,fish,banana,mountain,penguin",0,0,0,0.75
1,spin,19,2,11,"Hermann,pickList,preprint,Joelson,Streeter,yorku,Yuille,etal,Madigan,asymptote,Paivio,pronunciability,Battig,et,Landauer,Intersample,al,Tarka,bigram","kangaroo,grape,house,apple",0,0,0,1.0
1,spin,19,2,12,"pickList,preprint,Joelson,Streeter,yorku,Yuille,etal,Madigan,asymptote,Paivio,pronunciability,Battig,et,Landauer,Intersample,al,Tarka,bigram,Hermann","dog,grape,elephant,apple,fish,cherry,banana",0,0,0,0.5
1,spin,19,2,13,"preprint,Joelson,Streeter,yorku,Yuille,etal,Madigan,asymptote,Paivio,pronunciability,Battig,et,Landauer,Intersample,al,Tarka,bigram,Hermann,pickList","banana,fish,house,cherry,mountain,apple",0,0,0,1.0
1,spin,19,2,14,"Joelson,Streeter,yorku,Yuille,etal,Madigan,asymptote,Paivio,pronunciability,Battig,et,Landauer,Intersample,al,Tarka,bigram,Hermann,pickList,preprint","elephant,mountain,grape,kangaroo,dog,house,notebook,cherry,fish,apple,penguin",0,0,0,1.0
1,spin,19,2,15,"Streeter,yorku,Yuille,etal,Madigan,asymptote,Paivio,pronunciability,Battig,et,Landauer,Intersample,al,Tarka,bigram,Hermann,pickList,preprint,Joelson","fish,dog,cherry",0,0,0,1.0
2,spin,7,0,0,"Thorndike,Yuille,Lorge,Hermann,Kucera,Paivio,Intersample","banana,fish,cherry,elephant,grape,dog",0,0,0,
2,spin,7,0,1,"Yuille,Lorge,Hermann,Kucera,Paivio,Intersample,Thorndike","island,sunflower,dog,kangaroo,notebook,octopus,apple",0,0,0,1.0
2,spin,7,0,2,"Lorge,Hermann,Kucera,Paivio,Intersample,Thorndike,Yuille","house,elephant,grape,jungle,kangaroo,island",0,0,0,1.0
2,spin,7,0,3,"Hermann,Kucera,Paivio,Intersample,Thorndike,Yuille,Lorge","elephant,apple,grape,banana,cherry,fish",0,0,0,0.8333333333333334
2,spin,7,0,4,"Kucera,Paivio,Intersample,Thorndike,Yuille,Lorge,Hermann","dog,grape,banana,apple,cherry,fish,elephant",0,0,0,0.6666666666666667
2,spin,7,0,5,"Paivio,Intersample,Thorndike,Yuille,Lorge,Hermann,Kucera","elephant,apple,banana,cherry",0,0,0,0.8571428571428572
2,spin,7,0,6,"Intersample,Thorndike,Yuille,Lorge,Hermann,Kucera,Paivio","lion,octopus,kangaroo,mountain,banana,island,fish",0,0,0,1.0
2,spin,7,1,0,"et,etal,al,Joelson,Kucera,Intersample,yorku","fish,elephant,apple,grape",0,0,0,
2,spin,7,1,1,"etal,al,Joelson,Kucera,Intersample,yorku,et","queen,cherry,island,banana,river,penguin",0,0,0,1.0
2,spin,7,1,2,"al,Joelson,Kucera,Intersample,yorku,et,etal","jungle,apple,mountain,grape,fish,lion,dog",0,0,0,1.0
2,spin,7,1,3,"Joelson,Kucera,Intersample,yorku,et,etal,al","apple,kangaroo,island,dog,mountain,jungle,sunflower",0,0,0,1.0
2,spin,7,1,4,"Kucera,Intersample,yorku,et,etal,al,Joelson","mountain,island,sunflower,fish",0,0,0,1.0
2,spin,7,1,5,"Intersample,yorku,et,etal,al,Joelson,Kucera","elephant,banana,fish,grape,dog,cherry",0,0,0,1.0
2,spin,7,1,6,"yorku,et,etal,al,Joelson,Kucera,Intersample","apple,grape,dog,banana,elephant",0,0,0,1.0
2,spin,7,2,0,"Landauer,Tarka,etal,Yuille,Intersample,bigram,Kucera","grape,island,house,lion,dog",0,0,0,
2,spin,7,2,1,"Tarka,etal,Yuille,Intersample,bigram,Kucera,Landauer","dog,grape,mountain,banana,lion,apple,jungle",0,0,0,1.0
2,spin,7,2,2,"etal,Yuille,Intersample,bigram,Kucera,Landauer,Tarka","cherry,banana,apple,fish,dog",0,0,0,1.0
2,spin,7,2,3,"Yuille,Intersample,bigram,Kucera,Landauer,Tarka,etal","grape,sunflower,house,cherry,river,apple,dog",0,0,0,1.0
2,spin,7,2,4,"Intersample,bigram,Kucera,Landauer,Tarka,etal,Yuille","apple,house,cherry,kangaroo,dog",0,0,0,1.0
2,spin,7,2,5,"bigram,Kucera,Landauer,Tarka,etal,Yuille,Intersample","dog,elephant,fish,apple,banana,cherry,grape",0,0,0,1.0
2,spin,7,2,6,"Kucera,Landauer,Tarka,etal,Yuille,Intersample,bigram","banana,island,grape,lion,house",0,0,0,1.0
2,spin,13,0,0,"DOI,Paivio,Yuille,Madigan,pronunciability,Kucera,pickList,asymptote,etal,al,Thorndike,emotionality,Joelson","fish,apple,cherry,mountain,lion,dog",0,0,0,
2,spin,13,0,1,"Paivio,Yuille,Madigan,pronunciability,Kucera,pickList,asymptote,etal,al,Thorndike,emotionality,Joelson,DOI","mountain,river,island,sunflower,queen",0,0,0,1.0
2,spin,13,0,2,"Yuille,Madigan,pronunciability,Kucera,pickList,asymptote,etal,al,Thorndike,emotionality,Joelson,DOI,Paivio","fish,island,river,grape,queen,dog,jungle",0,0,0,0.8
2,spin,13,0,3,"Madigan,pronunciability,Kucera,pickList,asymptote,etal,al,Thorndike,emotionality,Joelson,DOI,Paivio,Yuille","grape,fish,apple,dog",0,0,0,1.0
2,spin,13,0,4,"pronunciability,Kucera,pickList,asymptote,etal,al,Thorndike,emotionality,Joelson,DOI,Paivio,Yuille,Madigan","kangaroo,fish,mountain,jungle,elephant,cherry,queen,river,island,dog,notebook,lion,banana",0,0,0,0.75
2,spin,13,0,5,"Kucera,pickList,asymptote,etal,al,Thorndike,emotionality,Joelson,DOI,Paivio,Yuille,Madigan,pronunciability","lion,island,cherry,apple,fish,kangaroo",0,0,0,1.0
2,spin,13,0,6,"pickList,asymptote,etal,al,Thorndike,emotionality,Joelson,DOI,Paivio,Yuille,Madigan,pronunciability,Kucera","dog,apple,grape,banana,fish,cherry",0,0,0,0.8333333333333334
2,spin,13,0,7,"asymptote,etal,al,Thorndike,emotionality,Joelson,DOI,Paivio,Yuille,Madigan,pronunciability,Kucera,pickList","dog,island,lion,jungle,house,grape,cherry,kangaroo,elephant,apple",0,0,0,0.8333333333333334
2,spin,13,0,8,"etal,al,Thorndike,emotionality,Joelson,DOI,Paivio,Yuille,Madigan,pronunciability,Kucera,pickList,asymptote","dog,apple,cherry,elephant,grape,fish,banana",0,0,0,0.9
2,spin,13,0,9,"al,Thorndike,emotionality,Joelson,DOI,Paivio,Yuille,Madigan,pronunciability,Kucera,pickList,asymptote,etal","fish,grape,dog,cherry,apple,banana",0,0,0,1.0
2,spin,13,0,10,"Thorndike,emotionality,Joelson,DOI,Paivio,Yuille,Madigan,pronunciability,Kucera,pickList,asymptote,etal,al","mountain,jungle,lion",0,0,0,1.0
2,spin,13,0,11,"emotionality,Joelson,DOI,Paivio,Yuille,Madigan,pronunciability,Kucera,pickList,asymptote,etal,al,Thorndike","kangaroo,elephant,cherry,grape,mountain,apple,octopus,fish",0,0,0,1.0
2,spin,13,0,12,"Joelson,DOI,Paivio,Yuille,Madigan,pronunciability,Kucera,pickList,asymptote,etal,al,Thorndike,emotionality","octopus,mountain,kangaroo,lion,island,notebook,banana,penguin,apple,sunflower,fish,queen,house",0,0,0,1.0
2,spin,13,1,0,"etal,al,Thorndike,emotionality,Paivio,asymptote,Joelson,Tarka,Yuille,Kucera,Bickley,yorku,pickList","queen,elephant,grape,island,kangaroo,penguin,cherry,lion,fish",0,0,0,
2,spin,13,1,1,"al,Thorndike,emotionality,Paivio,asymptote,Joelson,Tarka,Yuille,Kucera,Bickley,yorku,pickList,etal","apple,queen,banana,dog,fish,house,river",0,0,0,1.0
2,spin,13,1,2,"Thorndike,emotionality,Paivio,asymptote,Joelson,Tarka,Yuille,Kucera,Bickley,yorku,pickList,etal,al","fish,cherry,apple,banana",0,0,0,1.0
2,spin,13,1,3,"emotionality,Paivio,asymptote,Joelson,Tarka,Yuille,Kucera,Bickley,yorku,pickList,etal,al,Thorndike","jungle,kangaroo,island,lion,grape,mountain,fish,cherry,octopus,notebook,queen,sunflower,house",0,0,0,1.0
2,spin,13,1,4,"Paivio,asymptote,Joelson,Tarka,Yuille,Kucera,Bickley,yorku,pickList,etal,al,Thorndike,emotionality","cherry,apple,elephant,grape",0,0,0,1.0
2,spin,13,1,5,"asymptote,Joelson,Tarka,Yuille,Kucera,Bickley,yorku,pickList,etal,al,Thorndike,emotionality,Paivio","elephant,grape,fish,dog",0,0,0,1.0
2,spin,13,1,6,"Joelson,Tarka,Yuille,Kucera,Bickley,yorku,pickList,etal,al,Thorndike,emotionality,Paivio,asymptote","dog,island,grape,elephant,fish,cherry",0,0,0,1.0
2,spin,13,1,7,"Tarka,Yuille,Kucera,Bickley,yorku,pickList,etal,al,Thorndike,emotionality,Paivio,asymptote,Joelson","fish,elephant,apple,grape,cherry,dog",0,0,0,1.0
2,spin,13,1,8,"Yuille,Kucera,Bickley,yorku,pickList,etal,al,Thorndike,emotionality,Paivio,asymptote,Joelson,Tarka","cherry,apple,elephant",0,0,0,1.0
2,spin,13,1,9,"Kucera,Bickley,yorku,pickList,etal,al,Thorndike,emotionality,Paivio,asymptote,Joelson,Tarka,Yuille","fish,house,dog,mountain,banana,jungle,lion,cherry,kangaroo,apple,island,grape",0,0,0,1.0
2,spin,13,1,10,"Bickley,yorku,pickList,etal,al,Thorndike,emotionality,Paivio,asymptote,Joelson,Tarka,Yuille,Kucera","grape,kangaroo,banana,island,fish,octopus,jungle,queen,notebook,house,elephant,apple,river",0,0,0,1.0
2,spin,13,1,11,"yorku,pickList,etal,al,Thorndike,emotionality,Paivio,asymptote,Joelson,Tarka,Yuille,Kucera,Bickley","apple,grape,cherry,dog,banana,elephant,fish",0,0,0,1.0
2,spin,13,1,12,"pickList,etal,al,Thorndike,emotionality,Paivio,asymptote,Joelson,Tarka,Yuille,Kucera,Bickley,yorku","grape,apple,cherry",0,0,0,0.8571428571428572
2,spin,13,2,0,"et,Thorndike,yorku,DOI,Joelson,Streeter,pickList,Tarka,bigram,emotionality,Madigan,Kucera,Paivio","jungle,apple,octopus,house,kangaroo,banana",0,0,0,
2,spin,13,2,1,"Thorndike,yorku,DOI,Joelson,Streeter,pickList,Tarka,bigram,emotionality,Madigan,Kucera,Paivio,et","dog,grape,elephant,apple",0,0,0,1.0
2,spin,13,2,2,"yorku,DOI,Joelson,Streeter,pickList,Tarka,bigram,emotionality,Madigan,Kucera,Paivio,et,Thorndike","apple,cherry,banana,grape,kangaroo,jungle,island",0,0,0,1.0
2,spin,13,2,3,"DOI,Joelson,Streeter,pickList,Tarka,bigram,emotionality,Madigan,Kucera,Paivio,et,Thorndike,yorku","grape,dog,fish,apple,elephant,banana",0,0,0,1.0
2,spin,13,2,4,"Joelson,Streeter,pickList,Tarka,bigram,emotionality,Madigan,Kucera,Paivio,et,Thorndike,yorku,DOI","lion,elephant,banana,grape,mountain,cherry,house",0,0,0,1.0
2,spin,13,2,5,"Streeter,pickList,Tarka,bigram,emotionality,Madigan,Kucera,Paivio,et,Thorndike,yorku,DOI,Joelson","house,penguin,queen,elephant,jungle,lion,sunflower,river,apple,banana,mountain,island,dog",0,0,0,1.0
2,spin,13,2,6,"pickList,Tarka,bigram,emotionality,Madigan,Kucera,Paivio,et,Thorndike,yorku,DOI,Joelson,Streeter","sunflower,dog,river,apple,notebook,fish,house,island,cherry,penguin,grape,queen,jungle",0,0,0,1.0
2,spin,13,2,7,"Tarka,bigram,emotionality,Madigan,Kucera,Paivio,et,Thorndike,yorku,DOI,Joelson,Streeter,pickList","banana,jungle,house,fish",0,0,0,1.0
2,spin,13,2,8,"bigram,emotionality,Madigan,Kucera,Paivio,et,Thorndike,yorku,DOI,Joelson,Streeter,pickList,Tarka","apple,dog,cherry,grape,elephant,banana",0,0,0,1.0
2,spin,13,2,9,"emotionality,Madigan,Kucera,Paivio,et,Thorndike,yorku,DOI,Joelson,Streeter,pickList,Tarka,bigram","lion,kangaroo,island,mountain,cherry,house,banana,grape",0,0,0,1.0
2,spin,13,2,10,"Madigan,Kucera,Paivio,et,Thorndike,yorku,DOI,Joelson,Streeter,pickList,Tarka,bigram,emotionality","cherry,lion,mountain,house,banana",0,0,0,1.0
2,spin,13,2,11,"Kucera,Paivio,et,Thorndike,yorku,DOI,Joelson,Streeter,pickList,Tarka,bigram,emotionality,Madigan","grape,apple,banana,mountain,elephant,dog,kangaroo,cherry",0,0,0,1.0
2,spin,13,2,12,"Paivio,et,Thorndike,yorku,DOI,Joelson,Streeter,pickList,Tarka,bigram,emotionality,Madigan,Kucera","grape,elephant,banana,house,sunflower,penguin,apple,cherry,island,lion,kangaroo,fish,octopus",0,0,0,0.625
2,spin,19,0,0,"pronunciability,Landauer,Yuille,Battig,etal,et,Lorge,bigram,Intersample,al,Joelson,yorku,Madigan,asymptote,pickList,Bickley,Thorndike,Tarka,DOI","cherry,dog,elephant,apple",0,0,0,
2,spin,19,0,1,"Landauer,Yuille,Battig,etal,et,Lorge,bigram,Intersample,al,Joelson,yorku,Madigan,asymptote,pickList,Bickley,Thorndike,Tarka,DOI,pronunciability","kangaroo,jungle,grape,sunflower,octopus,penguin,dog,house,island,banana",0,0,0,1.0
2,spin,19,0,2,"Yuille,Battig,etal,et,Lorge,bigram,Intersample,al,Joelson,yorku,Madigan,asymptote,pickList,Bickley,Thorndike,Tarka,DOI,pronunciability,Landauer","grape,cherry,fish,dog,apple,banana,elephant",0,0,0,1.0
2,spin,19,0,3,"Battig,etal,et,Lorge,bigram,Intersample,al,Joelson,yorku,Madigan,asymptote,pickList,Bickley,Thorndike,Tarka,DOI,pronunciability,Landauer,Yuille","jungle,banana,house,elephant,dog,grape,lion,kangaroo,mountain,cherry,island,fish,apple",0,0,0,1.0
2,spin,19,0,4,"etal,et,Lorge,bigram,Intersample,al,Joelson,yorku,Madigan,asymptote,pickList,Bickley,Thorndike,Tarka,DOI,pronunciability,Landauer,Yuille,Battig","elephant,cherry,island,dog",0,0,0,1.0
2,spin,19,0,5,"et,Lorge,bigram,Intersample,al,Joelson,yorku,Madigan,asymptote,pickList,Bickley,Thorndike,Tarka,DOI,pronunciability,Landauer,Yuille,Battig,etal","lion,cherry,island,grape,elephant,sunflower,house,queen,penguin,dog,banana,kangaroo,notebook,river,jungle,octopus",0,0,0,0.5
2,spin,19,0,6,"Lorge,bigram,Intersample,al,Joelson,yorku,Madigan,asymptote,pickList,Bickley,Thorndike,Tarka,DOI,pronunciability,Landauer,Yuille,Battig,etal,et","banana,elephant,apple",0,0,0,1.0
2,spin,19,0,7,"bigram,Intersample,al,Joelson,yorku,Madigan,asymptote,pickList,Bickley,Thorndike,Tarka,DOI,pronunciability,Landauer,Yuille,Battig,etal,et,Lorge","apple,elephant,mountain,octopus",0,0,0,0.6666666666666667
2,spin,19,0,8,"Intersample,al,Joelson,yorku,Madigan,asymptote,pickList,Bickley,Thorndike,Tarka,DOI,pronunciability,Landauer,Yuille,Battig,etal,et,Lorge,bigram","lion,apple,jungle",0,0,0,1.0
2,spin,19,0,9,"al,Joelson,yorku,Madigan,asymptote,pickList,Bickley,Thorndike,Tarka,DOI,pronunciability,Landauer,Yuille,Battig,etal,et,Lorge,bigram,Intersample","fish,banana,dog",0,0,0,1.0
2,spin,19,0,10,"Joelson,yorku,Madigan,asymptote,pickList,Bickley,Thorndike,Tarka,DOI,pronunciability,Landauer,Yuille,Battig,etal,et,Lorge,bigram,Intersample,al","dog,banana,grape,fish,cherry,elephant",0,0,0,0.6666666666666667
2,spin,19,0,11,"yorku,Madigan,asymptote,pickList,Bickley,Thorndike,Tarka,DOI,pronunciability,Landauer,Yuille,Battig,etal,et,Lorge,bigram,Intersample,al,Joelson","cherry,grape,apple,banana",0,0,0,1.0
2,spin,19,0,12,"Madigan,asymptote,pickList,Bickley,Thorndike,Tarka,DOI,pronunciability,Landauer,Yuille,Battig,etal,et,Lorge,bigram,Intersample,al,Joelson,yorku","fish,elephant,banana,dog,cherry",0,0,0,1.0
2,spin,19,0,13,"asymptote,pickList,Bickley,Thorndike,Tarka,DOI,pronunciability,Landauer,Yuille,Battig,etal,et,Lorge,bigram,Intersample,al,Joelson,yorku,Madigan","cherry,elephant,grape,dog",0,0,0,0.6
2,spin,19,0,14,"pickList,Bickley,Thorndike,Tarka,DOI,pronunciability,Landauer,Yuille,Battig,etal,et,Lorge,bigram,Intersample,al,Joelson,yorku,Madigan,asymptote","dog,banana,grape,apple,cherry",0,0,0,0.75
2,spin,19,0,15,"Bickley,Thorndike,Tarka,DOI,pronunciability,Landauer,Yuille,Battig,etal,et,Lorge,bigram,Intersample,al,Joelson,yorku,Madigan,asymptote,pickList","elephant,mountain,fish,kangaroo,lion,island,apple,cherry,dog,house,grape,banana,jungle",0,0,0,1.0
2,spin,19,1,0,"Kucera,Landauer,bigram,al,Streeter,Bickley,pronunciability,Hermann,DOI,pickList,Battig,Lorge,Tarka,Paivio,Yuille,Thorndike,Madigan,asymptote,Joelson","lion,grape,kangaroo,jungle,mountain",0,0,0,
2,spin,19,1,1,"Landauer,bigram,al,Streeter,Bickley,pronunciability,Hermann,DOI,pickList,Battig,Lorge,Tarka,Paivio,Yuille,Thorndike,Madigan,asymptote,Joelson,Kucera","fish,dog,elephant,grape",0,0,0,1.0
2,spin,19,1,2,"bigram,al,Streeter,Bickley,pronunciability,Hermann,DOI,pickList,Battig,Lorge,Tarka,Paivio,Yuille,Thorndike,Madigan,asymptote,Joelson,Kucera,Landauer","apple,fish,banana,dog,elephant,grape",0,0,0,1.0
2,spin,19,1,3,"al,Streeter,Bickley,pronunciability,Hermann,DOI,pickList,Battig,Lorge,Tarka,Paivio,Yuille,Thorndike,Madigan,asymptote,Joelson,Kucera,Landauer,bigram","kangaroo,jungle,sunflower,island,cherry,notebook,octopus,lion,grape,fish,banana",0,0,0,1.0
2,spin,19,1,4,"Streeter,Bickley,pronunciability,Hermann,DOI,pickList,Battig,Lorge,Tarka,Paivio,Yuille,Thorndike,Madigan,asymptote,Joelson,Kucera,Landauer,bigram,al","lion,grape,apple,dog",0,0,0,1.0
2,spin,19,1,5,"Bickley,pronunciability,Hermann,DOI,pickList,Battig,Lorge,Tarka,Paivio,Yuille,Thorndike,Madigan,asymptote,Joelson,Kucera,Landauer,bigram,al,Streeter","apple,banana,lion,elephant,dog,island,jungle,house,grape,fish",0,0,0,1.0
2,spin,19,1,6,"pronunciability,Hermann,DOI,pickList,Battig,Lorge,Tarka,Paivio,Yuille,Thorndike,Madigan,asymptote,Joelson,Kucera,Landauer,bigram,al,Streeter,Bickley","banana,apple,cherry,grape",0,0,0,1.0
2,spin,19,1,7,"Hermann,DOI,pickList,Battig,Lorge,Tarka,Paivio,Yuille,Thorndike,Madigan,asymptote,Joelson,Kucera,Landauer,bigram,al,Streeter,Bickley,pronunciability","grape,apple,cherry,elephant,fish",0,0,0,0.5
2,spin,19,1,8,"DOI,pickList,Battig,Lorge,Tarka,Paivio,Yuille,Thorndike,Madigan,asymptote,Joelson,Kucera,Landauer,bigram,al,Streeter,Bickley,pronunciability,Hermann","jungle,cherry,apple,island,kangaroo,mountain,elephant,penguin,notebook",0,0,0,1.0
2,spin,19,1,9,"pickList,Battig,Lorge,Tarka,Paivio,Yuille,Thorndike,Madigan,asymptote,Joelson,Kucera,Landauer,bigram,al,Streeter,Bickley,pronunciability,Hermann,DOI","dog,fish,elephant,apple,banana,cherry,grape",0,0,0,1.0
2,spin,19,1,10,"Battig,Lorge,Tarka,Paivio,Yuille,Thorndike,Madigan,asymptote,Joelson,Kucera,Landauer,bigram,al,Streeter,Bickley,pronunciability,Hermann,DOI,pickList","banana,elephant,cherry,dog",0,0,0,1.0
2,spin,19,1,11,"Lorge,Tarka,Paivio,Yuille,Thorndike,Madigan,asymptote,Joelson,Kucera,Landauer,bigram,al,Streeter,Bickley,pronunciability,Hermann,DOI,pickList,Battig","mountain,kangaroo,cherry,apple,lion,river,jungle,penguin,grape,elephant,queen,island,notebook,dog,octopus,house,fish,banana",0,0,0,0.75
2,spin,19,1,12,"Tarka,Paivio,Yuille,Thorndike,Madigan,asymptote,Joelson,Kucera,Landauer,bigram,al,Streeter,Bickley,pronunciability,Hermann,DOI,pickList,Battig,Lorge","grape,jungle,lion,elephant,mountain,cherry,dog,fish,banana,kangaroo",0,0,0,1.0
2,spin,19,1,13,"Paivio,Yuille,Thorndike,Madigan,asymptote,Joelson,Kucera,Landauer,bigram,al,Streeter,Bickley,pronunciability,Hermann,DOI,pickList,Battig,Lorge,Tarka","house,notebook,octopus,banana",0,0,0,1.0
2,spin,19,1,14,"Yuille,Thorndike,Madigan,asymptote,Joelson,Kucera,Landauer,bigram,al,Streeter,Bickley,pronunciability,Hermann,DOI,pickList,Battig,Lorge,Tarka,Paivio","fish,apple,elephant,grape,dog,cherry,banana",0,0,0,1.0
2,spin,19,1,15,"Thorndike,Madigan,asymptote,Joelson,Kucera,Landauer,bigram,al,Streeter,Bickley,pronunciability,Hermann,DOI,pickList,Battig,Lorge,Tarka,Paivio,Yuille","fish,island,elephant",0,0,0,0.7142857142857143
2,spin,19,2,0,"emotionality,Landauer,DOI,bigram,et,Hermann,etal,Madigan,pronunciability,Tarka,Yuille,Joelson,pickList,asymptote,Streeter,Battig,yorku,Thorndike,Lorge","cherry,banana,fish",0,0,0,
2,spin,19,2,1,"Landauer,DOI,bigram,et,Hermann,etal,Madigan,pronunciability,Tarka,Yuille,Joelson,pickList,asymptote,Streeter,Battig,yorku,Thorndike,Lorge,emotionality","penguin,apple,sunflower,fish,cherry,queen,jungle,grape,kangaroo,notebook,river,elephant,dog,octopus,house,banana,island",0,0,0,1.0
2,spin,19,2,2,"DOI,bigram,et,Hermann,etal,Madigan,pronunciability,Tarka,Yuille,Joelson,pickList,asymptote,Streeter,Battig,yorku,Thorndike,Lorge,emotionality,Landauer","fish,cherry,apple,elephant,grape",0,0,0,1.0
2,spin,19,2,3,"bigram,et,Hermann,etal,Madigan,pronunciability,Tarka,Yuille,Joelson,pickList,asymptote,Streeter,Battig,yorku,Thorndike,Lorge,emotionality,Landauer,DOI","apple,dog,fish,cherry,grape",0,0,0,0.8
2,spin,19,2,4,"et,Hermann,etal,Madigan,pronunciability,Tarka,Yuille,Joelson,pickList,asymptote,Streeter,Battig,yorku,Thorndike,Lorge,emotionality,Landauer,DOI,bigram","banana,river,queen,sunflower,dog,cherry,mountain,grape",0,0,0,1.0
2,spin,19,2,5,"Hermann,etal,Madigan,pronunciability,Tarka,Yuille,Joelson,pickList,asymptote,Streeter,Battig,yorku,Thorndike,Lorge,emotionality,Landauer,DOI,bigram,et","cherry,grape,fish,banana,elephant,apple,dog",0,0,0,1.0
2,spin,19,2,6,"etal,Madigan,pronunciability,Tarka,Yuille,Joelson,pickList,asymptote,Streeter,Battig,yorku,Thorndike,Lorge,emotionality,Landauer,DOI,bigram,et,Hermann","banana,apple,house,fish,grape,elephant,jungle,mountain,dog,cherry,lion,kangaroo",0,0,0,1.0
2,spin,19,2,7,"Madigan,pronunciability,Tarka,Yuille,Joelson,pickList,asymptote,Streeter,Battig,yorku,Thorndike,Lorge,emotionality,Landauer,DOI,bigram,et,Hermann,etal","fish,elephant,grape,dog,cherry",0,0,0,1.0
2,spin,19,2,8,"pronunciability,Tarka,Yuille,Joelson,pickList,asymptote,Streeter,Battig,yorku,Thorndike,Lorge,emotionality,Landauer,DOI,bigram,et,Hermann,etal,Madigan","cherry,apple,dog,elephant,grape,banana",0,0,0,1.0
2,spin,19,2,9,"Tarka,Yuille,Joelson,pickList,asymptote,Streeter,Battig,yorku,Thorndike,Lorge,emotionality,Landauer,DOI,bigram,et,Hermann,etal,Madigan,pronunciability","cherry,river,house,queen,octopus,apple,fish,jungle,island,lion,grape,notebook,dog,kangaroo,sunflower,penguin,elephant,banana",0,0,0,0.8333333333333334
2,spin,19,2,10,"Yuille,Joelson,pickList,asymptote,Streeter,Battig,yorku,Thorndike,Lorge,emotionality,Landauer,DOI,bigram,et,Hermann,etal,Madigan,pronunciability,Tarka","apple,elephant,fish,banana",0,0,0,1.0
2,spin,19,2,11,"Joelson,pickList,asymptote,Streeter,Battig,yorku,Thorndike,Lorge,emotionality,Landauer,DOI,bigram,et,Hermann,etal,Madigan,pronunciability,Tarka,Yuille","mountain,elephant,apple,sunflower",0,0,0,0.75
2,spin,19,2,12,"pickList,asymptote,Streeter,Battig,yorku,Thorndike,Lorge,emotionality,Landauer,DOI,bigram,et,Hermann,etal,Madigan,pronunciability,Tarka,Yuille,Joelson","banana,elephant,apple",0,0,0,0.5
2,spin,19,2,13,"asymptote,Streeter,Battig,yorku,Thorndike,Lorge,emotionality,Landauer,DOI,bigram,et,Hermann,etal,Madigan,pronunciability,Tarka,Yuille,Joelson,pickList","dog,apple,grape,elephant,fish",0,0,0,1.0
2,spin,19,2,14,"Streeter,Battig,yorku,Thorndike,Lorge,emotionality,Landauer,DOI,bigram,et,Hermann,etal,Madigan,pronunciability,Tarka,Yuille,Joelson,pickList,asymptote","lion,elephant,mountain",0,0,0,1.0
2,spin,19,2,15,"Battig,yorku,Thorndike,Lorge,emotionality,Landauer,DOI,bigram,et,Hermann,etal,Madigan,pronunciability,Tarka,Yuille,Joelson,pickList,asymptote,Streeter","cherry,apple,fish,banana",0,0,0,1.0
